Genes	Enzyme1\mzML/TrypLysC_FracA_120min_HCD_OTOT.mzML	Enzyme1\mzML/TrypLysC_FracB_120minLC_HCD_OTOT.mzML	Enzyme1\mzML/TrypLysC_FracC_120minLC_HCD_OTOT.mzML
A1BG		3.38747e+06	6.1304e+06
A2M	1.13561e+09	1.62847e+09	2.60995e+09
A2M;PZP	1.30149e+08	1.05651e+08	9.27581e+08
ABCB9			1.78334e+07
ACTB;ACTG1	9.66557e+07	9.23021e+06	3.43066e+07
ACTBL2	9.27861e+06		2.51423e+06
ACTN4			501061
ACTR2		548111	349204
ADA2			77366.2
ADAM10			54063.8
ADAMTS13			99248.5
ADARB1			2.52111e+07
ADIPOQ		2.56673e+06	1.73745e+06
AEBP1		406457	385145
AFM	8.43269e+06	7.89693e+06	4.07623e+06
AGRN	1.2606e+07	2.5976e+06	1.30277e+06
AGT	8.72636e+06	9.53736e+06	4.96707e+07
AHCY			240858
AHNAK		902928	59287
AHSG		2.55626e+06	1.20331e+07
ALB	3.17169e+09	1.70112e+09	4.04922e+09
ALDH16A1		251384	586299
ALDOA	778247	507720	1.58137e+06
ALDOB			281783
ALPL	2.48253e+06	1.45386e+06	621524
AMBP	1.65252e+07	3.56456e+07	2.31454e+07
ANG			271187
ANGPTL4			111441
ANPEP	2.34426e+06	491222	262606
ANXA1		2.98324e+06	1.26092e+06
ANXA11			269610
ANXA2	4.2455e+06	1.68626e+06	399182
ANXA3			86340
ANXA4			176276
ANXA5	2.16404e+06	167084	449988
ANXA7		182851	
AOX1		588002	853895
APCS	1.77778e+07	1.31077e+07	7.37584e+07
APMAP			746201
APOA1	3.4114e+08	3.52636e+08	1.42441e+09
APOA2	7.94775e+07	8.93903e+07	8.3148e+07
APOA4	1.9085e+07	2.55803e+07	5.8076e+07
APOB	6.37617e+07	9.12596e+07	2.13444e+08
APOC1	6.10241e+07	3.34802e+07	3.50101e+06
APOC2	3.46277e+06	1.48743e+07	2.12769e+07
APOC3		3.21055e+06	4.81509e+07
APOC4		1.10745e+06	432362
APOD	9.04728e+06	9.69977e+06	8.21112e+07
APOE	1.56817e+08	1.97477e+08	8.44382e+07
APOF	1.59208e+06	136931	650853
APOH	2.8492e+07	6.70308e+07	5.60138e+07
APOL1	9.04739e+07	3.06357e+07	6.72642e+06
APOM	1.02163e+07	1.70314e+07	1.54403e+07
ARF1;ARF3		1.07518e+06	
ARHGDIA			163878
ARPC1B			543985
ASS1	3.96481e+06	962437	1.47953e+06
ATP1A1		333393	308136
ATP5F1A	2.96037e+06		
ATRN	9.10346e+06	5.97042e+06	6.34409e+06
AZGP1	2.09825e+07	1.04615e+08	2.03595e+07
BAIAP3	3.34269e+06	5.05497e+06	
BCAM		1.40537e+06	215799
BCHE		1.29896e+06	1.58982e+06
BLMH			78694.4
BMP1		1.72272e+06	1.02096e+06
BST2		1.77548e+06	504153
BTD			1.07591e+06
C1QA	2.1066e+07	3.60301e+07	1.12941e+08
C1QB		3.36445e+06	4.33255e+07
C1QC	2.20467e+07	1.6875e+07	2.31972e+08
C1QTNF3		866193	1.17127e+06
C1R	1.79712e+07	1.27445e+07	6.77089e+07
C1R;C1RL	3.39613e+07	5.21142e+07	3.75011e+07
C1RL	1.6976e+06	1.46079e+06	726627
C1S	1.22306e+08	9.60773e+07	4.91754e+07
C1S;MASP1	3.20884e+08	2.638e+06	465001
C2	4.50618e+06	6.67273e+06	5.48346e+06
C3	4.54416e+08	7.09307e+08	1.66593e+09
C4A	3.86907e+07	5.57574e+07	6.41694e+07
C4A;C4B	3.00828e+08	3.5808e+08	6.83106e+08
C4B	1.2579e+07	2.15477e+07	4.13619e+07
C4BPA	6.71309e+07	1.04261e+08	2.20623e+08
C4BPB	5.24239e+07	1.84874e+07	2.09965e+07
C5	8.46044e+07	1.12034e+08	2.12055e+08
C6	1.01971e+07	9.34807e+06	3.82448e+07
C7	4.91908e+07	4.43543e+07	5.16426e+06
C8A	2.88978e+07	2.5527e+07	4.95339e+07
C8B	3.70324e+06	2.58893e+07	1.88551e+07
C8G	1.72336e+06	5.06432e+06	8.63995e+06
C9	2.98509e+07	3.48601e+07	1.0486e+08
CALR		110577	248807
CAMP		687449	1.81489e+06
CAPZB			363925
CAT		972389	2.62599e+06
CCDC13		1.72314e+06	2.31436e+07
CCDC80		453154	
CD109		539552	
CD14		2.1355e+06	2.68219e+06
CD163	2.38875e+06	3.22541e+06	1.38308e+06
CD47		995272	1.24797e+06
CD55		508197	
CD59			58041.6
CD5L	1.14423e+08	4.13332e+07	2.58248e+08
CD82	2.3389e+06		76983.6
CD9		248684	421562
CDC42	2.23209e+06		139442
CDH1		623072	656870
CDH5		62069.2	216811
CDH6			418209
CEMIP		402927	803289
CFB	6.07565e+07	7.97078e+07	3.30484e+08
CFH	3.31288e+07	7.06469e+07	2.04886e+08
CFH;CFHR1	3.99255e+07	5.2574e+07	4.62738e+06
CFH;CFHR1;CFHR2		7.05475e+06	1.77984e+06
CFH;CFHR3			500304
CFHR1	4.48169e+06	1.55646e+07	954423
CFHR1;CFHR2	2.76933e+06	2.9063e+06	5.62536e+06
CFHR1;CFHR5			1.41906e+07
CFHR2	2.0735e+06	815534	3.42514e+06
CFHR3	2.78e+06	6.15553e+06	894321
CFHR3;CFHR4	3.04112e+06	1.27691e+07	3.01021e+07
CFHR4			2.08272e+06
CFHR5	621826	2.73439e+06	7.6951e+06
CFI		2.3388e+07	1.13431e+07
CFL1	694080	139567	1.29604e+06
CFP		4.68623e+06	3.07836e+06
CHMP1B			217454
CHST9		5.89139e+06	8.94993e+06
CLDN3			392884
CLEC3B			1.16048e+06
CLIC1		561714	
CLIC4		281429	357844
CLTC	1.65493e+06		188287
CLU	7.85885e+07	5.78604e+07	9.29946e+07
CNDP1			139929
CNKSR2	3.89308e+08	1.00324e+08	
CNNM2;CNNM4	8.39147e+07	609506	
COL12A1		581403	280634
COL18A1		234270	1.06405e+06
COL1A1	908817	2.07559e+06	853482
COL1A2		1.00501e+06	1.17999e+06
COL3A1			1.1811e+06
COL5A1		810345	547981
COL6A1	2.20852e+07	2.21348e+06	394704
COL6A2	4.20273e+07	4.42244e+06	2.07911e+06
COL6A3	7.34439e+06	9.90806e+06	1.84348e+07
COLEC10		173782	57036.9
COMP		1.4404e+06	1.54805e+06
COMP;THBS4			4.52791e+06
CORO1A		307797	201662
COX6B1	2.54189e+06	5.42356e+06	463601
CP	2.07087e+08	3.93393e+08	4.26687e+08
CPB2	1.31425e+06	2.89595e+06	2.2052e+06
CPN1	1.08561e+07	8.97274e+06	3.47134e+07
CPN2	4.57993e+06	1.64636e+07	1.0538e+07
CRABP2			117693
CRIP2			266479
CRP	2.22438e+07	5.23549e+07	8.17123e+07
CSE1L		1.38029e+06	685769
CST3			147014
CTBS			431075
CTHRC1			219392
CTSB			199622
CTSK;CTSL;CTSL3P;CTSV			114742
DBH			1.63932e+06
DCD	1.55399e+07	3.61048e+06	
DDX10	1.13541e+06	1.30675e+06	132577
DDX5	408436		
DEFA1;DEFA3			5.05918e+06
DHX9			76622
DLG5	1.684e+07		103560
DLST	7.06292e+06		4.32527e+07
DMRT2		2.98972e+06	1.34552e+07
DNAAF1	1.78507e+09	6.23282e+06	2.06266e+06
DNPEP		933230	345365
DPP4		393341	616921
DPYSL3			685050
DSG2			914065
DSP			27304.2
ECH1			2.02097e+06
ECM1		5.05013e+06	4.60914e+06
EEF1A1;EEF1A1P5	1.27691e+07	134146	
EEF1G			53569.8
EEF2	4.2198e+06	2.407e+06	1.48139e+06
EFEMP1		1.08573e+06	8.07937e+06
EIF4A1;EIF4A2	1.75239e+06		
EMILIN1		334721	535910
EMILIN2	3.87856e+06	1.00808e+06	1.39651e+06
ENO1	4.74983e+06	1.72301e+06	672642
EZR	1.34317e+06	2.55325e+06	782812
F10		2.59953e+06	1.01703e+06
F11	3.88496e+06	5.70485e+06	4.75976e+06
F11;KLKB1		1.89648e+06	4.14664e+06
F12	2.92608e+07	8.01061e+06	4.66681e+06
F13A1	6.65232e+06		796581
F13B			673693
F2	2.36651e+07	2.07939e+07	2.43895e+07
F5		1.61369e+06	995626
F9		1.22727e+06	1.6978e+06
FBLN1	1.48137e+08	3.96969e+06	852607
FBN1		668846	528356
FCGBP	1.98313e+07	7.95069e+06	1.5152e+07
FCGR3A;FCGR3B		1.46013e+06	1.55885e+06
FCN1	318997	1.14658e+06	1.00485e+06
FCN2	7.81934e+06	3.12343e+06	5.56429e+06
FCN3	2.37795e+06	2.56586e+06	3.13525e+07
FERMT3			155934
FETUB		1.1331e+06	705800
FGA	5.66117e+08	4.58435e+08	7.70791e+08
FGB	2.24677e+09	4.20028e+09	6.19626e+09
FGG	1.26651e+09	1.7075e+09	6.3978e+09
FGL1			93821.3
FGL2	2.98043e+06	104967	324505
FLNA		924388	466982
FN1	4.15831e+07	8.14047e+07	1.91582e+08
FSCN1		680980	635938
FSTL1	250768		
FTH1	3.94765e+06		483590
FTL	1.14117e+07	2.82122e+06	433949
FUCA2			263665
GANAB		1.03946e+06	1.19992e+06
GAPDH	7.4507e+06	859016	713604
GC	1.00462e+08	3.40428e+07	1.22126e+08
GNAI2			674426
GNB4		396875	864262
GPI	1.01698e+06		260442
GPLD1		655467	1.59185e+06
GPX3		408304	2.68284e+06
GRIP1			2.7892e+06
GRN			653479
GSN	1.84017e+07	1.99847e+07	2.38029e+07
GSTO1			592097
H1-4	2.24705e+06		772412
H1-4;H1-5		205692	
H2AC25;H2AC4;H2AC7	2.84066e+06	503169	47998.8
H2AC25;H2AC4;H2AC7;H2AZ1;H2AZ2	3.23031e+07	1.12906e+06	2.19076e+06
H2AZ1;H2AZ2		543580	109352
H2BC12;H2BC13;H2BC14;H2BC15;H2BC18;H2BC4;H2BC5;H2BC9	7.72108e+07	1.85779e+07	2.21735e+06
H3-3A;H3-4;H3C1;H3C15	1.54325e+07	2.75068e+07	1.51406e+06
H3-7			1.09872e+07
H4C1	4.13029e+07	1.63119e+07	2.26212e+07
H6PD		21403.3	605866
HABP2	2.72581e+06	3.08223e+06	1.46742e+07
HBA1	4.51631e+06		497455
HBB		2.22331e+06	7.44378e+06
HEXB		1.10141e+06	163021
HGFAC		1.61972e+06	710004
HLA-A		967809	
HLA-B;HLA-C		1.96001e+06	
HLA-DPB1;HLA-DRB1		182538	214151
HNRNPA2B1	4.53518e+06		32419.5
HNRNPK		903415	
HP	7.25778e+08	1.23747e+09	1.68179e+09
HP;HPR	8.41161e+07	1.79748e+08	4.00133e+08
HPR	1.51768e+07	5.70046e+07	4.8843e+06
HPX	1.95651e+07	4.5508e+07	1.25386e+08
HRG	530285	2.78892e+06	2.6464e+07
HRNR		339358	849563
HSP90AA1		1.54721e+06	649019
HSP90AA1;HSP90AB1	5.9177e+06	1.35681e+06	738512
HSP90AB1	2.74684e+06	1.3721e+06	1.09391e+06
HSP90AB1;HSP90B1	1.06352e+06		1.07279e+06
HSP90B1			489296
HSPA13	4.51145e+06	8.76421e+06	1.14047e+06
HSPA5		575063	722283
HSPA5;HSPA8		92138	196916
HSPA6;HSPA7	1.18615e+06	1.69452e+06	1.41555e+06
HSPA8	5.0833e+06	1.88326e+06	1.57549e+06
HSPE1	8.33533e+06		
HSPG2	1.1305e+06	2.64084e+06	3.69315e+06
HTRA1		941980	743083
ICAM1			664711
IDH1			714412
IFITM1;IFITM2;IFITM3			113526
IGF2			2.7448e+06
IGF2R		833437	223150
IGFALS		1.9717e+06	1.18126e+07
IGFBP2		1.9676e+06	222366
IGFBP3		153468	
IGFBP6		480744	
IGHA1	8.57904e+07	5.3447e+07	8.49151e+08
IGHA1;IGHA2	7.93561e+07	5.71527e+08	2.77466e+08
IGHA2			1.72412e+07
IGHD		6.40199e+06	8.11066e+06
IGHG1	3.28477e+08	1.33141e+08	1.10542e+07
IGHG1;IGHG2;IGHG3	3.65025e+07	7.14499e+07	7.28932e+08
IGHG1;IGHG2;IGHG3;IGHG4	8.96153e+08	3.76124e+09	3.2893e+09
IGHG1;IGHG3	6.95339e+08	9.90385e+08	2.55648e+09
IGHG2	2.43831e+08	3.55479e+08	1.42635e+09
IGHG2;IGHG3	1.5504e+07		1.22457e+08
IGHG2;IGHG3;IGHG4	3.85832e+06	1.06808e+07	2.18663e+07
IGHG2;IGHG4	7.181e+06	3.09601e+07	3.10549e+08
IGHG3	1.07994e+08	3.26957e+08	4.26352e+09
IGHG4	5.91346e+07	5.73903e+07	1.19623e+08
IGHM	1.19452e+09	1.83336e+09	2.45622e+09
IGHV1-2	5.48336e+07	1.78075e+08	1.14394e+08
IGHV1-24			1.28851e+06
IGHV1-2;IGHV1-24;IGHV1-3;IGHV1-46;IGHV1-8		4.80074e+06	681752
IGHV1-3			516905
IGHV1-3;IGHV1-46;IGHV1-69;IGHV1-8		911434	485211
IGHV1-45		4.46896e+06	3.99801e+06
IGHV1-46			180549
IGHV1-58		966252	1.85138e+06
IGHV1-69		9.04768e+06	1.11076e+06
IGHV1-69-2		468210	291162
IGHV1-8			110451
IGHV2-26		581620	305780
IGHV2-5		2.62489e+06	1.07639e+07
IGHV2-70			3.10359e+06
IGHV2-70;IGHV2-70D	780850	2.18813e+06	115739
IGHV2-70D	1.63103e+07		
IGHV3-13	3.55394e+06	2.949e+06	1.82783e+07
IGHV3-13;IGHV3-20;IGHV3-43;IGHV3-7		1.63101e+06	1.8865e+06
IGHV3-15	2.56302e+07	4.68713e+07	1.12941e+07
IGHV3-15;IGHV3-49;IGHV3-72;IGHV3-73			97474.9
IGHV3-15;IGHV3-72;IGHV3-73			7.58924e+07
IGHV3-20		1.12168e+06	1.54484e+06
IGHV3-30;IGHV3-30-5	3.54048e+07	1.79697e+08	1.04198e+08
IGHV3-35	4.25295e+06	1.41754e+07	5.52815e+07
IGHV3-38	8.33547e+06	1.93356e+06	1.3556e+07
IGHV3-43		5.63796e+06	1.15074e+07
IGHV3-43D;IGHV3-9	3.93771e+06	2.15112e+07	3.31446e+07
IGHV3-49			4.06516e+06
IGHV3-49;IGHV3-73	7.60177e+06	2.29806e+07	1.49625e+07
IGHV3-64		1.51753e+06	1.12997e+06
IGHV3-64D	786012	6.00756e+06	1.30608e+07
IGHV3-7	2.17547e+07	3.17759e+07	6.24803e+07
IGHV3-72	7.44761e+06	2.24364e+07	2.23548e+07
IGHV3-73			680308
IGHV3-74		1.17099e+06	2.06112e+06
IGHV3-7;IGHV3-74	1.21541e+08	3.49836e+08	3.29238e+08
IGHV4-28	1.92789e+07	2.71914e+07	1.59131e+07
IGHV4-30-4;IGHV4-34;IGHV4-38-2;IGHV4-39;IGHV4-59;IGHV4-61	5.71525e+06	5.39551e+06	2.6156e+07
IGHV4-4		1.52126e+06	2.14514e+06
IGHV5-10-1	943714	810051	439848
IGHV5-10-1;IGHV5-51	2.17744e+07	9.8467e+06	2.43865e+07
IGHV5-51		1.78344e+06	922983
IGHV6-1	2.05066e+07	1.29224e+07	3.20549e+07
IGKC	1.03948e+09	6.49726e+08	8.74975e+07
IGKV1-13;IGKV1D-13			100166
IGKV1-17			2.60962e+06
IGKV1-17;IGKV1-33;IGKV1D-33			295602
IGKV1-33;IGKV1D-33			211295
IGKV1-5	6.01545e+07	8.49578e+07	1.2055e+08
IGKV2-24;IGKV2-29;IGKV2D-24;IGKV2D-29		1.20076e+06	1.80185e+06
IGKV2-24;IGKV2D-24		1.29521e+06	2.88542e+06
IGKV2-29;IGKV2D-29		947995	1.09387e+06
IGKV2-30	7.55776e+07		
IGKV2-30;IGKV2D-30	4.87524e+06	1.04263e+07	3.466e+07
IGKV2-40;IGKV2D-40	2.46778e+07	4.28751e+06	164438
IGKV2D-30			590581
IGKV3-11;IGKV3D-11	1.08905e+07	2.03711e+07	2.92572e+07
IGKV3-20	9.22914e+06	9.51923e+06	1.34283e+07
IGKV3-20;IGKV3D-20		1.86087e+07	1.74896e+06
IGKV3-7	1.03067e+07	1.0567e+07	1.38328e+07
IGKV3D-20	1.72319e+06	3.74142e+06	6.3899e+06
IGKV4-1	3.64392e+07	4.4643e+06	7.03146e+07
IGKV6D-21;IGKV6D-41		224654	933587
IGLC2;IGLC3	8.76439e+09	1.49321e+09	2.17169e+08
IGLC6;IGLC7	5.51634e+08	5.8269e+07	1.55658e+06
IGLC6;IGLL5	6.62008e+07	1.34065e+08	4.25699e+08
IGLC7	5.08058e+06	751037	1.50339e+06
IGLC7;IGLL5	5.44704e+08	7.63361e+06	593187
IGLL5	2.66075e+09	7.01966e+08	5.19266e+08
IGLV1-47			755321
IGLV1-51	8.62634e+06	1.51531e+07	5.64348e+07
IGLV10-54		2.29973e+06	523808
IGLV2-11		754838	3.23849e+06
IGLV2-11;IGLV2-8	1.97795e+07	3.92094e+07	1.36519e+07
IGLV2-18			673510
IGLV2-23			1.20312e+06
IGLV2-8			4.24961e+06
IGLV3-10	2.08947e+07	2.07314e+07	7.19223e+07
IGLV3-16			1.39729e+06
IGLV3-16;IGLV3-27	9.99629e+06	5.0969e+07	9.29341e+06
IGLV3-19	1.13932e+07	4.39231e+07	7.02393e+07
IGLV3-21		501645	1.00679e+07
IGLV3-21;IGLV3-9	2.51704e+06	1.94339e+06	6.78515e+06
IGLV3-27	4.89578e+06	1.59117e+06	2.71e+07
IGLV3-9		2.86857e+06	774744
IGLV4-3		608851	121686
IGLV4-60	1.80061e+06	7.30218e+06	898735
IGLV4-69	1.35869e+07	2.34843e+07	3.353e+06
IGLV5-39;IGLV5-45		1.39999e+06	186654
IGLV6-57		416861	1.49635e+06
IGLV7-43			1.91656e+06
IGLV7-43;IGLV7-46		1.49263e+06	1.56913e+07
IGLV7-46	570830	1.14149e+06	3.52556e+06
IGLV9-49			1.8346e+06
IMMT		7.2025e+06	367554
ITGB1	1.97863e+06	152951	197737
ITGB2	644504	216394	
ITIH1	2.24436e+07	3.95059e+07	1.34594e+08
ITIH2	2.44531e+07	4.01465e+07	6.52363e+07
ITIH3	2.6715e+06	1.70428e+06	3.73598e+06
ITIH4	2.33153e+07	4.33478e+07	6.68764e+07
ITIH5			46367.5
JCHAIN	5.89634e+08	3.05568e+08	5.58842e+08
KIAA0753		9.91407e+07	8.41745e+08
KLK6		155207	81264.1
KLKB1	1.12613e+07	1.75955e+07	1.16251e+07
KNG1	4.12354e+07	7.44119e+07	8.72866e+07
KPRP			108616
KRT1	8.97849e+07	6.61451e+07	6.41055e+07
KRT10	2.28802e+07	4.4205e+07	2.14164e+07
KRT10;KRT14;KRT16;KRT17;KRT18;KRT19	7.01378e+06	1.51218e+07	1.68129e+07
KRT10;KRT14;KRT16;KRT17;KRT9	1.94531e+06		1.45418e+07
KRT10;KRT14;KRT16;KRT27	4.65497e+06	9.47925e+06	1.2573e+07
KRT10;KRT27		9.7065e+06	1.14066e+07
KRT14			1.42226e+06
KRT14;KRT16			281152
KRT14;KRT16;KRT17			731894
KRT14;KRT16;KRT17;KRT19	3.11096e+06		1.90276e+06
KRT14;KRT17		971714	302933
KRT16		504877	126441
KRT17		284083	406431
KRT18	7.12864e+06		
KRT19		522149	201352
KRT1;KRT2	5.80344e+06	1.26447e+07	5.65183e+07
KRT1;KRT2;KRT5;KRT8	2.75579e+06	2.40784e+06	577907
KRT2	1.19306e+07	1.3962e+07	1.67944e+07
KRT27		447719	167896
KRT2;KRT5;KRT78	3.64561e+06	7.28319e+06	442663
KRT5		584291	1.18055e+06
KRT5;KRT78;KRT8;VIM		332784	724177
KRT6A;KRT6C			416356
KRT7	4.71378e+06		
KRT71		1.01541e+06	
KRT71;KRT72			96087.5
KRT78		874047	82440.9
KRT7;KRT8;VIM	3.25912e+06	1.75191e+06	
KRT8	2.91536e+06	500584	422274
KRT9	5.93515e+06	1.20531e+07	7.88351e+06
LAMA2	2.76809e+06	1.51524e+06	1.02087e+06
LAMA4	6.91069e+06	370985	364954
LAMA5		482686	134207
LAMB1	1.80303e+07	3.42604e+06	766233
LAMB2		154134	213449
LAMC1	3.68533e+06	960826	1.95087e+06
LAMC2	1.72356e+06	198291	
LBP		519043	625777
LCAT		762950	822614
LCP1		174692	102069
LDHA	8.48452e+06	6.14505e+06	499014
LDHA;LDHB			6.93908e+06
LDHB			1.19911e+06
LDLR		708957	
LFNG			555705
LGALS1		235854	494477
LGALS3BP	4.87231e+07	5.92818e+07	1.44087e+08
LMNA	2.98333e+06		
LPA	1.0676e+07	1.09656e+07	6.17826e+07
LRG1	4.59456e+06	8.19101e+06	9.91595e+06
LRP1		3.79936e+06	2.4178e+06
LTF		1.94673e+06	641946
LUM	2.14913e+06	1.38496e+06	449476
LYZ		5.51625e+06	704105
MAMDC2		1.47167e+06	
MAN1A1	2.34133e+07	4.10347e+06	
MAPK1			297684
MASP1	2.34512e+06	1.62904e+06	9.40241e+06
MASP2			1.97528e+06
MBL2	3.73877e+06	4.08715e+06	5.73378e+06
MDK	797226	292595	199039
MEPE			351229
MEX3A	1.25989e+06		4.3699e+06
MFAP2			160464
MFGE8			575515
MMP2		551633	328373
MMRN2		2.53963e+06	681128
MPO		2.72704e+06	815128
MRPL55		2.84043e+06	1.37441e+06
MSN	632750	1.91037e+06	
MST1		3.66721e+06	5.63053e+06
MT1E;MT1G;MT1M;MT1X;MT2A			53506.2
MTHFD1		275452	
MUC16			2.37359e+06
MUC5B			209172
MXRA5			1.28515e+06
MYH9	1.23362e+06	284195	119037
MYL6			64901.5
NAGK			501621
NCL	434576	229689	
NES	7.98884e+06	375436	
NHERF1		914074	1.32276e+06
NID1		690322	320750
NID2		515260	1.96687e+06
NLRP4		6.92568e+06	1.13951e+06
NOTCH3			196435
NPEPPS			333738
NPM1		55146.4	90553.4
NRP1			193902
OAF		1.21381e+06	
OGN			114132
OLFML3	2.51067e+06	779190	
OPTN		426834	
ORM1		1.80329e+07	1.20858e+08
ORM1;ORM2	1.09169e+07	4.85825e+07	1.46167e+08
ORM2		6.57673e+06	1.39941e+07
PABPC1;PABPC3	1.24235e+06		
PAICS			314608
PARK7			110363
PCOLCE	1.24256e+06	1.05783e+06	2.97195e+06
PCSK9			317685
PDCD6IP		908002	
PEPD		439992	
PFN1			218374
PGK1	3.11811e+07	3.93916e+06	391238
PGLYRP2		1.16725e+07	5.731e+06
PHGDH	1.2745e+06		84687.5
PIGR	3.94508e+06	3.24667e+06	8.01435e+06
PKM	1.05159e+07	1.29202e+06	1.36842e+07
PLG	3.75385e+07	7.3765e+07	1.38401e+08
PLOD1			966636
PLTP	5.24097e+07	3.12757e+07	1.55459e+07
PLXDC2			597295
PMEL		3.97432e+06	464309
PNPLA8		809386	9.87187e+06
PON1	3.65112e+06	9.68066e+06	2.32468e+07
PON3			9.14819e+06
POSTN		3.6996e+06	236221
PPEF2			386414
PPIA			325012
PRDX1	2.01797e+06		621102
PRDX2		677673	358325
PRDX6	5.12644e+06	187042	680087
PRG4	377724	196033	2.30941e+06
PROS1		2.57005e+06	3.9997e+07
PROZ			1.50164e+06
PSMA1		6.19287e+06	450082
PSMA2		326888	2.59475e+06
PSMA3	1.42112e+07	1.13959e+06	865588
PSMA4			4.05458e+06
PSMA5		1.06167e+06	1.77145e+06
PSMA6		1.16869e+06	502757
PSMA7		711692	2.03292e+06
PSMB1		3.65275e+06	3.1703e+06
PSMB2			176573
PSMB4			501915
PSMB5			331082
PSMB6	2.09913e+06	648549	6.70545e+06
PSMB7		3.15011e+06	
PSMB9			646605
PTGDS		364548	1.56739e+06
PTPRC			83893.6
PTPRF		124925	316289
PXDN	2.78431e+06	3.49582e+06	1.19752e+06
PZP	1.23092e+07	2.93211e+07	2.58405e+07
QSOX1	1.09954e+07	861562	5.20811e+06
RAB13	1.5979e+06		
RAC2		403029	2.42315e+06
RACK1	1.3011e+06		63815.7
RALA		122954	
RAP1A;RAP1B;RAP1BL		538998	
RARRES2		84897.1	
RBP4		2.44408e+06	1.98099e+06
REV3L		387803	709429
RHOG			132347
RNASE1			1.91451e+06
RNASE4			75212.9
RPL27A	8.80026e+06		
RPL4	2.54573e+06		
RPS14	2.64521e+06		
RPS16	457672		
RPS19	2.09072e+06		64688.8
RPS3		467046	372938
RPS5		293400	103382
RPS8	1.01064e+06	264774	
RPS9	4.12295e+06		
S100A11		448552	
S100A4	1.909e+06	334073	
S100A6		1.86714e+06	
S100A8			565545
SAA1;SAA2	1.11114e+08	3.3102e+07	
SAA4	2.45776e+08	9.52436e+07	1.70812e+07
SDCBP			342393
SELENOP		2.52286e+06	1.21298e+07
SEMA4B		89172.7	148056
SERPINA1	1.45166e+08	4.04265e+08	4.51831e+08
SERPINA10		2.84308e+06	935091
SERPINA3	3.89165e+07	2.55596e+07	3.05841e+08
SERPINA5		2.36405e+06	83900.9
SERPINA6		1.71084e+06	1.76511e+06
SERPINA7		1.70252e+06	2.41503e+06
SERPINC1	1.62913e+07	2.65512e+07	6.88945e+06
SERPIND1		9.92585e+06	2.34743e+07
SERPINE1		1.28584e+06	
SERPINE2	2.18722e+06		110378
SERPINF1		3.51682e+06	1.65109e+07
SERPINF2	3.8037e+07	4.16706e+07	2.96675e+07
SERPING1	1.60737e+07	3.32173e+07	8.8219e+07
SET	1.36565e+06		
SHBG		2.41823e+06	960322
SHCBP1L		249858	618758
SLC34A2	6.99658e+06	190875	170253
SLPI		127468	37958.5
SOD3		109760	497506
SPON1			1.80314e+06
SPP1			815567
SPP2			888354
SPTLC2;SPTLC3	1.16665e+06	1.7629e+06	
STOM		43186.7	
SUN3			567257
SVEP1		514570	848831
TALDO1		1.5708e+06	
TBC1D14	314265	424002	
TCP1	7.65387e+06		25964.9
TF	2.55746e+08	4.36152e+08	1.04916e+09
TFRC		1.75147e+06	466935
TGFBI		2.49843e+06	1.40539e+07
TGM1		488958	155238
TGM2			372357
THBS1			912374
THBS2		5.23415e+06	5.05626e+06
THBS3			664292
THBS4		428670	180610
THSD4			1.3518e+06
TIMP1		971895	2.03085e+06
TK2			559001
TKT	2.84704e+06		
TLN1	6.09166e+06		378107
TM4SF1			348338
TNC		165979	2.55982e+06
TNXB		654929	449907
TPI1		184346	1.09953e+06
TPM4	5.67582e+06	495257	324384
TSPAN14			135929
TTR		1.24949e+06	6.06667e+07
TUBA1A;TUBA1B;TUBA1C	3.46157e+06		454443
TUBA4A	7.92072e+06	352681	331103
TUBB4B	1.27204e+06		
TUBB;TUBB4B		434480	
TXN	2.77595e+06		381314
TYMP		1.34785e+06	637490
UBA1		376811	585103
UCHL1			88334.4
UGP2			834284
VCAN			3.43662e+06
VCL	4.292e+06	923832	795064
VCP	1.44878e+06	4.67335e+06	740880
VIM	5.14541e+06	578841	645299
VPS35			253125
VTN	3.01909e+07	3.16211e+07	2.26455e+08
VWF	3.38001e+07	7.57154e+06	2.39072e+06
WDR1			458059
WDR31	2.4768e+06	1.30555e+06	
XPO1			25026.6
YWHAB			1.11365e+06
YWHAB;YWHAE;YWHAG;YWHAH;YWHAQ;YWHAZ		1.94354e+06	227959
YWHAB;YWHAZ			247714
YWHAE	1.41115e+06		319724
YWHAE;YWHAG;YWHAZ	3.45315e+06		
YWHAG	998595	627463	
YWHAH		365221	
YWHAQ		490256	
YWHAZ	1.31243e+06	2.42925e+06	101378
ZSWIM9	1.31408e+07		1.05424e+07
